{"cameraMode":{"drawMode":0,"name":"Shaded","section":"Shading Mode"},"sceneLighting":true,"audioPlay":false,"sceneViewState":{"showFog":true,"showMaterialUpdate":false,"showSkybox":true,"showFlares":true,"showImageEffects":true,"showParticleSystems":true},"in2DMode":false,"pivot":{"x":-4.0280656814575199,"y":5.614968299865723,"z":-0.1943511962890625},"rotation":{"x":0.14800643920898438,"y":-0.2572861313819885,"z":0.03991167992353439,"w":0.9540990591049194},"size":23.897457122802736,"orthographic":false}