{"cameraMode":{"drawMode":0,"name":"Shaded","section":"Shading Mode"},"sceneLighting":true,"audioPlay":false,"sceneViewState":{"showFog":true,"showMaterialUpdate":false,"showSkybox":true,"showFlares":true,"showImageEffects":true,"showParticleSystems":true},"in2DMode":false,"pivot":{"x":-3.8159608840942385,"y":-10.262605667114258,"z":36.25436782836914},"rotation":{"x":-0.3599758446216583,"y":0.026584181934595109,"z":-0.010262103751301766,"w":-0.9325263500213623},"size":96.77503204345703,"orthographic":false}